<?xml version="1.0" encoding="UTF-8"?>

<!-- -->
<!-- -->
<component type="desktop-application">

    <!-- -->
    <!-- -->
    <id>com.davinci.helper.app.desktop</id>

    <!-- -->
    <!-- -->
    <metadata_license>CC0-1.0</metadata_license>

    <!-- -->
    <!-- -->
    <name>DaVinci Helper</name>

    <!-- -->
    <!-- -->
    <summary>The best DaVinci Resolve companion app on Linux</summary>

    

    <!-- -->
    <!-- -->
    <description>

        <p>This app is created with the purpose of making it easier for Linux users to install and use DaVinci Resolve.</p>
        <p>Features :</p>
        <ul>
            <li>Automatic and dynamic dependecies installation</li>
            <li>DaVinci Resolve installation wizard easy start</li>
            <li>Application of post install patch</li>
            <li>Easy GPU Driver installation</li>
        </ul>

    <!-- -->
    <!-- -->
    </description>

    <!-- -->
    <!-- -->
    <categories>
        <category>Settings</category>
        <category>Utility</category>
    </categories>

    <!-- -->
    <!-- -->
    <developer_name>Lorenzo Maiuri</developer_name>

    <!-- -->
    <!-- -->
    <project_license>CC-BY-SA-4.0</project_license>

    <!-- -->
    <!-- -->
    <content_rating type="oars-1.1"/>

    <!-- -->
    <!-- -->
    <translation type="gettext">@gettext-package@</translation>

    <!-- -->
    <!-- -->
    <url type="homepage">https://github.com/H3rz3n/davinci-helper</url>

    <!-- -->
    <!-- -->
    <url type="bugtracker">https://github.com/H3rz3n/davinci-helper/issues</url>

    <!-- -->
    <!-- -->
    <url type="donation">https://www.gnome.org/donate/</url>

    <!-- -->
    <!-- -->
    <url type="help">https://github.com/H3rz3n/davinci-helper/wiki</url>



    <!-- -->
    <!-- -->
    <releases>

        <release version="1.0" date="2024-08-11">
            <description>
                <p>Initial release of DaVinci Helper.</p>
            </description>
        </release>
    
    <!-- -->
    <!-- -->
    </releases>



    <!-- -->
    <!-- -->
    <screenshots>

        <screenshot type="default">
            <image>https://github.com/H3rz3n/davinci-helper/blob/main/screenshot/01.png?raw=true</image>
        </screenshot>

        <screenshot >
            <image>https://github.com/H3rz3n/davinci-helper/blob/main/screenshot/02.png?raw=true</image>
        </screenshot>

        <screenshot >
            <image>https://github.com/H3rz3n/davinci-helper/blob/main/screenshot/03.png?raw=true</image>
        </screenshot>

        <screenshot >
            <image>https://github.com/H3rz3n/davinci-helper/blob/main/screenshot/04.png?raw=true</image>
        </screenshot>

        <screenshot >
            <image>https://github.com/H3rz3n/davinci-helper/blob/main/screenshot/05.png?raw=true</image>
        </screenshot>

    </screenshots>


    
    <!-- -->
    <!-- -->
    <launchable type="desktop-id">com.davinci.helper.app.desktop</launchable>

    <!-- -->
    <!-- -->
    <requires>
        <display_length compare="ge">600</display_length>
    </requires>

    <!-- -->
    <!-- -->
    <recommends>
        <control>keyboard</control>
        <control>pointing</control>
        <control>touch</control>
    </recommends>

<!-- -->
<!-- -->
</component>
